<!DOCTYPE QGLVIEWER>
<QGLViewer version="2.6.3">
  <State stereo="false">
    <foregroundColor blue="180" green="180" red="180"/>
    <backgroundColor blue="51" green="51" red="51"/>
  </State>
  <Display axisIsDrawn="false" FPSIsDisplayed="false" cameraIsEdited="false" gridIsDrawn="false"/>
  <Geometry posY="-11" fullScreen="false" posX="-11" height="2066" width="3840"/>
  <Camera>
    <Parameters orthoCoef="0.414214" fieldOfView="0.785398" Type="PERSPECTIVE" zNearCoefficient="0.005" zClippingCoefficient="1.73205" sceneRadius="3">
      <SceneCenter y="0" z="0" x="0"/>
    </Parameters>
    <Stereo physScreenWidth="0.5" focusDistance="7.24264" IODist="0.062"/>
    <ManipulatedCameraFrame>
      <position y="0.0545046" z="-3.84195" x="0.442843"/>
      <orientation q1="0.985126" q2="-0.00233102" q3="0.0577293" q0="-0.16183"/>
      <ManipulatedParameters wheelSens="1" spinSens="0.3" zoomSens="1" transSens="1" rotSens="1"/>
      <ManipulatedCameraParameters flySpeed="0.03" rotatesAroundUpVector="false" zoomsOnPivotPoint="false">
        <sceneUpVector y="1" z="0" x="0"/>
      </ManipulatedCameraParameters>
    </ManipulatedCameraFrame>
  </Camera>
</QGLViewer>
